sheet,excel_row,keywords,csv_files,content
Missing rate_3 years,2,"energy, electric",ele.csv,Energy use data | ele.csv | mels_S | Miscellaneous electric load for the South Wing | 1 | kW | 15 min | 0.32920657113717056
Missing rate_3 years,3,electric,,mels_N | Miscellaneous electric load for the North Wing | 1 | kW | 15 min | 0.19687564443251993
Missing rate_3 years,4,"lighting, light",,lig_S + | Lighting load for the South Wing | 1 | kW | 15 min | 0.18165896940360587
Missing rate_3 years,5,hvac,,hvac_S | Heating Ventilation and Air Conditioning load for the Sorth Wing | 1 | kW | 15 min | 0.08100638516126434
Missing rate_3 years,6,hvac,,hvac_N | Heating Ventilation and Air Conditioning load for the Nouth Wing | 1 | kW | 15 min | 0.08105390771420433
Missing rate_3 years,7,"temperature, weather",site_weather.csv,Outdoor environmental data | site_weather.csv | air_temp_set_1 | Outdoor air temperature from sensor 1 | 1 | °C | 15 min | 0.0034404915478121927
Missing rate_3 years,8,temperature,,air_temp_set_2 | Outdoor air temperature from sensor 2 | 1 | °C | 15 min | 0.004647506806839521
Missing rate_3 years,9,temperature,,dew_point_temperature | Outdoor air dew temperature of sensor 2 | 1 | °C | 15 min | 0.011043721960897335
Missing rate_3 years,10,humidity,,relative_humidity_set_1 | Outdoor air relative humidity from sensor 1 | 1 | % | 15 min | 0.009104881013868051
Missing rate_3 years,11,solar,,solar_radiation_set_1 | Outdoor solar radiation from sensor 1 | 1 | W/m2 | 15 min | 0.009332978795315316
Missing rate_3 years,12,temperature,zone_temp_sp_c.csv,Indoor environmental data | zone_temp_sp_c.csv | zone_*_cooling_sp | Cooling temperature setpoint of Zone * | 41 | °F | 5 min | 0.05-0.07 | Sep 2018 -- Dec 2020
Missing rate_3 years,13,temperature,zone_temp_sp_h.csv,zone_temp_sp_h.csv | zone_*_heating_sp | Heating temperature setpoint of Zone * | 41 | °F | 5 min | 0.05-0.06
Missing rate_3 years,14,temperature,zone_temp_interior.csv,zone_temp_interior.csv | cerc_templogger_* | Zone temperature of interior zone | 16 | °F | 10 min | 0.01-0.21 | Feb 2018 -- Dec 2020
Missing rate_3 years,15,temperature,zone_temp_exterior.csv,zone_temp_exterior.csv | zone_*_temp | Zone temperature of exterior zone | 51 | °F | 1 min | 0.15-0.20
Missing rate_3 years,16,co2,zone_co2.csv,"zone_co2.csv | zone_*_co2 | CO2 concentration of each zone | 13 | ppm | 1 min | 0-0.1 | Aug -- Dec 2019, Apr -- Dec 2020"
Missing rate_3 years,17,"temperature, hvac",hp_hws_temp.csv,HVAC operational data | hp_hws_temp.csv | hp_hws_temp | Heat pump heating water supply temperature | 1 | °F | 1 min | 0.13839127858602
Missing rate_3 years,18,temperature,rtu_sa_t_sp.csv,"rtu_sa_t_sp.csv | rtu_*_sat_sp_tn | Roof Top Unit * supply air temperature setpoint (*: 001, 002, 003, 004) | 4 | °F | 1 min | 0.15"
Missing rate_3 years,19,temperature,rtu_sa_t.csv,"rtu_sa_t.csv | rtu_*_sa_temp | Roof Top Unit * supply air temperature (*: 001, 002, 003, 004) | 4 | °F | 1 min | 0.14"
Missing rate_3 years,20,temperature,rtu_ra_t.csv,"rtu_ra_t.csv | rtu_*_ra_temp | Roof Top Unit * return air temperature (*: 001, 002, 003, 004) | 4 | °F | 1 min | 0.14"
Missing rate_3 years,21,temperature,rtu_ma_t.csv,"rtu_ma_t.csv | rtu_*_ma_temp | Roof Top Unit * mixed air temperature (*: 001, 002, 003, 004) | 4 | °F | 1 min | 0.14"
Missing rate_3 years,22,temperature,rtu_oa_t.csv,"rtu_oa_t.csv | rtu_*_oa_temp | Roof Top Unit * outdoor air temperature (*: 001, 002, 003, 004) | 4 | °F | 1 min | 0.14"
Missing rate_3 years,31,power,ashp_meter.csv,ashp_meter.csv | aru_001_power_mbtuph | Heat meter for air source heat pump | 1 | mbtuph | 5 min | 0.29 | Aug -- Dec 2020
Missing rate_3 years,32,temperature,ashp_cw.csv,ashp_cw.csv | aru_001_cws_temp | Chilled water supply temperature | 1 | °F | 5 min | 0.01
Missing rate_3 years,33,temperature,,aru_001_cwr_temp | Chilled water return temperature | 1 | °F | 5 min | 0.009390845630869279
Missing rate_3 years,35,temperature,ashp_hw.csv,ashp_hw.csv | aru_001_hws_temp | Hot water supply temperature | 1 | °F | 5 min | 0.16 | Oct 2019 -- Dec 2020
Missing rate_3 years,36,temperature,,aru_001_hwr_temp | Hot water return temperature | 1 | °F | 5 min | 0.16
Missing rate_3 years,40,occupant,occ.csv,Occupant data | occ.csv | occ_third_south | Occupant counts in the south half of third floor | 1 | / | 1 min | 0.0004 | May 2018 -- Feb 2019
Missing rate_3 years,41,occupant,,occ_fourth_south | Occupant counts in the south half of forth floor | 1 | / | 1 min | 0.0004
Missing rate_3 years,42,wifi,wifi.csv,"wifi.csv | wifi_first_south | Wifi connection counts in the south half of first floor | 1 | / | 10 min | 0 | May -- July 2018, Feb -- Dec 2020"
Missing rate_3 years,43,wifi,,wifi_second_south | Wifi connection counts in the south half of second floor | 1 | / | 10 min | 0
Missing rate_3 years,44,wifi,,wifi_third_south | Wifi connection counts in the south half of third floor | 1 | / | 10 min | 0
Missing rate_3 years,45,wifi,,wifi_fourth_south | Wifi connection counts in the south half of forth floor | 1 | / | 10 min | 0
Imputation (archive),3,electric,ele.csv,"electricity consumption data | ele.csv | mels_S | 1 | 15 min | Smaller than 10 hours: Linear
10 hours to 1 day: KNN
Larger than 1 day: MF | 0.47016852890391997"
Imputation (archive),7,hvac,,hvac_S | 1 | 15 min | 0.08684732508526335
Imputation (archive),8,hvac,,hvac_N | 1 | 15 min | 0.08693294518886367
Imputation (archive),9,hvac,hp_hws_temp.csv,"HVAC operation data | hp_hws_temp.csv | hp_hws_temp | 1 | 1 min | Smaller than 1 hour: Linear
1 hour to 10 hours: KNN
Larger than 10 hours: MF | 0.19"
Imputation (archive),16,weather,site_weather.csv,"Outdoor weather data | site_weather.csv | air_temp_set_1 | 1 | 15 min | Smaller than 10 hours: Linear
10 hours to 1 day: KNN
Larger than 1 day: MF | 0.005"
Imputation (archive),18,temperature,,dew_point_temperature | 1 | 15 min | 0.009
Imputation (archive),19,humidity,,relative_humidity_set_1 | 1 | 15 min | 0.006
Imputation (archive),20,solar,,solar_radiation_set_1 | 1 | 15 min | 0.007
Imputation (archive),21,temperature,zone_temp_exterior.csv,Indoor air temperature data | zone_temp_exterior.csv | zone_*_temp | 51 | 1 min | 0.19-0.24
Imputation (archive),25,occupant,occ.csv,Occupant counts | occ.csv | occ_third_south | 1 | 1 min | 0.004 +
Imputation (archive),27,wifi,wifi.csv,Wifi | wifi.csv | wifi_third_south | 1 | 10 min | 0 + +
Imputation (archive),28,wifi,,wifi_fourth_south | 1 | 10 min | 0 + +
Imputation (archive),29,co2,zone_co2.csv,CO2 concentration | zone_co2.csv | zone_*_co2 | 13 | 1 min | 0-0.1 + + +
Sheet1,3,electric,ele.csv,"Electricity consumption data | ele.csv
9% ~ 47% | mels_S | Miscellaneous electric load for the South Wing | 1 | 15 | 0.47016852890391997 | 0 | 0 | 0 | 11 | 11.291666666666666 | Smaller than 10 hour: Linear
10 hour to 1 day: KNN
Larger than 1 day: MF | Linear interpolation | filter <0 | 2018-01-01 01:00:00 | 2020-01-01 00:00:00 | 1051140 | 70077 | 65632 | 37129 | 28503 | 0"
Sheet1,4,electric,,mels_N | Miscellaneous electric load for the North Wing | 1 | 15 | 0.2713443783266978 | 0 | 0 | 0 | 8 | 6.3125 | filter <0 | 2018-01-01 01:00:00 | 2020-01-01 00:00:00 | 1051140 | 70077 | 65632 | 51062 | 14570 | 0
Sheet1,5,"lighting, light",,lig_N | Lighting load for the North Wing | 1 | 15 | 0.24884056109707892 | 0 | 0 | 0 | 9 | 6.260416666666667 | filter <0 | 2018-01-01 01:00:00 | 2020-01-01 00:00:00 | 1051140 | 70077 | 65632 | 52639 | 12993 | 0
Sheet1,6,hvac,,hvac_S | Heating Ventilation and Air Conditioning load for the Sorth Wing | 1 | 15 | 0.08684732508526335 | 0 | 0 | 0 | 3 | 9.0625 | filter <0 | 2018-01-01 01:00:00 | 2020-01-01 00:00:00 | 1051140 | 70077 | 65632 | 63991 | 1641 | 0
Sheet1,7,hvac,,hvac_N | Heating Ventilation and Air Conditioning load for the Nouth Wing | 1 | 15 | 0.08693294518886367 | 0 | 0 | 0 | 3 | 9.0625 | filter <0 | 2018-01-01 01:00:00 | 2020-01-01 00:00:00 | 1051140 | 70077 | 65632 | 63985 | 1647 | 0
Sheet1,8,"temperature, hvac",hp_hws_temp.csv,"HVAC operation data | hp_hws_temp.csv
 20% | hp_hws_temp | Heat pump heating water supply temperature | 1 | 1 | 0.20322469251836708 | 3.8051714182159264e-06 | 0 | 0 | 0 | 0 | Smaller than 1 hour: Linear

1 hour to 10 hours: KNN

Larger than 10 hours: MF | filter<40 >150 | 2018-01-01 00:00:00 | 2020-01-01 00:00:00 | 1051200 | 1051201 | 837571 | 837571 | 0 | 4"
Sheet1,17,temperature,rtu_sa_t.csv,"rtu_sa_t.csv
20% | rtu_1_sa_temp | Roof Top Unit * supply air temperature 001 | 1 | 1 | 0.20450323011488764 | 0.0005812399341324827 | 0 | 0 | 36 | 8.009027777777778 | filter<40 >150 | 2018-01-01 00:00:00 | 2020-01-01 00:00:00 | 1051200 | 1051201 | 841177 | 836227 | 4950 | 611"
Sheet1,18,temperature,,rtu_2_sa_temp | Roof Top Unit * supply air temperature  002 | 1 | 1 | 0.20464592404307075 | 2.8538785636619446e-06 | 0 | 0 | 39 | 20.552083333333332 | filter<40 >150 | 2018-01-01 00:00:00 | 2020-01-01 00:00:00 | 1051200 | 1051201 | 841177 | 836077 | 5100 | 3
Sheet1,19,temperature,,rtu_3_sa_temp | Roof Top Unit * supply air temperature 003 | 1 | 1 | 0.20607000944633805 | 1.9025857091079632e-06 | 0 | 0 | 32 | 20.555555555555554 | filter<40 >150 | 2018-01-01 00:00:00 | 2020-01-01 00:00:00 | 1051200 | 1051201 | 841177 | 834580 | 6597 | 2
Sheet1,20,temperature,,rtu_4_sa_temp | Roof Top Unit * supply air temperature  004 | 1 | 1 | 0.20729527464300357 | 3.8051714182159264e-06 | 0 | 0 | 40 | 20.55138888888889 | filter<40 >150 | 2018-01-01 00:00:00 | 2020-01-01 00:00:00 | 1051200 | 1051201 | 841177 | 833292 | 7885 | 4
Sheet1,114,"temperature, weather",site_weather.csv,"Outdoor weather data | site_weather.csv
< 1% | air_temp_set_1 | Outdoor air temperature from sensor 1 | 1 | 15 | 0.00509410539233173 | 0 | 0 | 0 | 0 | 0.125 | Smaller than 10 hour: Linear
10 hour to 1 day: KNN
Larger than 1 day: MF | filter<40 >150 | 2018-01-01 00:00:00 | 2020-01-01 00:00:00 | 1051200 | 70081 | 69928 | 69724 | 204 | 0"
Sheet1,115,temperature,,air_temp_set_2 | Outdoor air temperature from sensor 2 | 1 | 15 | 0.006021603573008376 | 0 | 0 | 0 | 0 | 0.13541666666666666 | filter<40 >150 | 2018-01-01 00:00:00 | 2020-01-01 00:00:00 | 1051200 | 70081 | 69928 | 69659 | 269 | 0
Sheet1,116,temperature,,dew_point_temperature | Outdoor air dew temperature of sensor 2 | 1 | 15 | 0.009374866226223941 | 0 | 0 | 0 | 0 | 0.2708333333333333 | filter<40 >150 | 2018-01-01 00:00:00 | 2020-01-01 00:00:00 | 1051200 | 70081 | 69928 | 69424 | 504 | 0
Sheet1,117,humidity,,relative_humidity_set_1 | Outdoor air relative humidity from sensor 1 | 1 | 15 | 0.006463948859177238 | 0 | 0 | 0 | 0 | 0.2708333333333333 | filter <0 | 2018-01-01 00:00:00 | 2020-01-01 00:00:00 | 1051200 | 70081 | 69928 | 69628 | 300 | 0
Sheet1,118,solar,,solar_radiation_set_1 | Outdoor solar radiation from sensor 1 | 1 | 15 | 0.006692256103651489 | 0 | 0 | 0 | 0 | 0.2708333333333333 | filter <0 | 2018-01-01 00:00:00 | 2020-01-01 00:00:00 | 1051200 | 70081 | 69928 | 69612 | 316 | 0
Sheet1,119,temperature,zone_temp_exterior.csv,"Indoor air temperature data | zone_temp_exterior.csv
20% | zone_16_temp | Zone temperature of exterior zone | 1 | 1 | 0.1984577640241971 | 0 | 0 | 0 | 34 | 20.54861111111111 | Smaller than 1 hour: Linear

1 hour to 1 day: KNN

Larger than 1 day: MF | filter<40 >150 | 2018-01-01 00:00:00 | 2020-01-01 00:00:00 | 1051200 | 1051201 | 874264 | 842582 | 31682 | 0"
Sheet1,120,temperature,,zone_17_temp | Zone temperature of exterior zone | 1 | 1 | 0.19923116511494948 | 0 | 0 | 0 | 37 | 20.54513888888889 | filter<40 >150 | 2018-01-01 00:00:00 | 2020-01-01 00:00:00 | 1051200 | 1051201 | 874264 | 841769 | 32495 | 0
Sheet1,121,temperature,,zone_18_temp | Zone temperature of exterior zone | 1 | 1 | 0.1986641945736353 | 0 | 0 | 0 | 35 | 20.54513888888889 | filter<40 >150 | 2018-01-01 00:00:00 | 2020-01-01 00:00:00 | 1051200 | 1051201 | 874264 | 842365 | 31899 | 0
Sheet1,122,temperature,,zone_19_temp | Zone temperature of exterior zone | 1 | 1 | 0.19807819817523004 | 0 | 0 | 0 | 37 | 20.54652777777778 | filter<40 >150 | 2018-01-01 00:00:00 | 2020-01-01 00:00:00 | 1051200 | 1051201 | 874264 | 842981 | 31283 | 0
Sheet1,123,temperature,,zone_21_temp | Zone temperature of exterior zone | 1 | 1 | 0.1975083737553522 | 0 | 0 | 0 | 38 | 20.545833333333334 | filter<40 >150 | 2018-01-01 00:00:00 | 2020-01-01 00:00:00 | 1051200 | 1051201 | 874264 | 843580 | 30684 | 0
Sheet1,124,temperature,,zone_22_temp | Zone temperature of exterior zone | 1 | 1 | 0.2484710345595181 | 0 | 0 | 0 | 40 | 20.554166666666667 | filter<40 >150 | 2018-01-01 00:00:00 | 2020-01-01 00:00:00 | 1051200 | 1051201 | 874264 | 790008 | 84256 | 0
Sheet1,125,temperature,,zone_23_temp | Zone temperature of exterior zone | 1 | 1 | 0.22805724119364423 | 0 | 0 | 0 | 44 | 20.544444444444444 | filter<40 >150 | 2018-01-01 00:00:00 | 2020-01-01 00:00:00 | 1051200 | 1051201 | 874264 | 811467 | 62797 | 0
Sheet1,126,temperature,,zone_24_temp | Zone temperature of exterior zone | 1 | 1 | 0.22459168132450408 | 0 | 0 | 0 | 42 | 20.55 | filter<40 >150 | 2018-01-01 00:00:00 | 2020-01-01 00:00:00 | 1051200 | 1051201 | 874264 | 815110 | 59154 | 0
Sheet1,127,temperature,,zone_25_temp | Zone temperature of exterior zone | 1 | 1 | 0.22375073844107835 | 0 | 0 | 0 | 44 | 20.552777777777777 | filter<40 >150 | 2018-01-01 00:00:00 | 2020-01-01 00:00:00 | 1051200 | 1051201 | 874264 | 815994 | 58270 | 0
Sheet1,128,temperature,,zone_26_temp | Zone temperature of exterior zone | 1 | 1 | 0.22366036561989572 | 0 | 0 | 0 | 40 | 20.54513888888889 | filter<40 >150 | 2018-01-01 00:00:00 | 2020-01-01 00:00:00 | 1051200 | 1051201 | 874264 | 816089 | 58175 | 0
Sheet1,129,temperature,,zone_27_temp | Zone temperature of exterior zone | 1 | 1 | 0.22479335540966952 | 0 | 0 | 0 | 44 | 20.54861111111111 | filter<40 >150 | 2018-01-01 00:00:00 | 2020-01-01 00:00:00 | 1051200 | 1051201 | 874264 | 814898 | 59366 | 0
Sheet1,130,temperature,,zone_28_temp | Zone temperature of exterior zone | 1 | 1 | 0.22517482384434565 | 0 | 0 | 0 | 44 | 20.55 | filter<40 >150 | 2018-01-01 00:00:00 | 2020-01-01 00:00:00 | 1051200 | 1051201 | 874264 | 814497 | 59767 | 0
Sheet1,131,temperature,,zone_30_temp | Zone temperature of exterior zone | 1 | 1 | 0.2235823596058223 | 0 | 0 | 0 | 42 | 20.550694444444442 | filter<40 >150 | 2018-01-01 00:00:00 | 2020-01-01 00:00:00 | 1051200 | 1051201 | 874264 | 816171 | 58093 | 0
Sheet1,132,temperature,,zone_32_temp | Zone temperature of exterior zone | 1 | 1 | 0.22321801444252812 | 0 | 0 | 0 | 44 | 20.54513888888889 | filter<40 >150 | 2018-01-01 00:00:00 | 2020-01-01 00:00:00 | 1051200 | 1051201 | 874264 | 816554 | 57710 | 0
Sheet1,133,temperature,,zone_33_temp | Zone temperature of exterior zone | 1 | 1 | 0.19878215488759998 | 0 | 0 | 0 | 37 | 20.54722222222222 | filter<40 >150 | 2018-01-01 00:00:00 | 2020-01-01 00:00:00 | 1051200 | 1051201 | 874264 | 842241 | 32023 | 0
Sheet1,134,temperature,,zone_35_temp | Zone temperature of exterior zone | 1 | 1 | 0.19973535032786308 | 0 | 0 | 0 | 35 | 20.547916666666666 | filter<40 >150 | 2018-01-01 00:00:00 | 2020-01-01 00:00:00 | 1051200 | 1051201 | 874264 | 841239 | 33025 | 0
Sheet1,135,temperature,,zone_36_temp | Zone temperature of exterior zone | 1 | 1 | 0.22331504631369262 | 0 | 0 | 0 | 44 | 20.54722222222222 | filter<40 >150 | 2018-01-01 00:00:00 | 2020-01-01 00:00:00 | 1051200 | 1051201 | 874264 | 816452 | 57812 | 0
Sheet1,136,temperature,,zone_37_temp | Zone temperature of exterior zone | 1 | 1 | 0.2244917955747759 | 0 | 0 | 0 | 40 | 20.54722222222222 | filter<40 >150 | 2018-01-01 00:00:00 | 2020-01-01 00:00:00 | 1051200 | 1051201 | 874264 | 815215 | 59049 | 0
Sheet1,137,temperature,,zone_38_temp | Zone temperature of exterior zone | 1 | 1 | 0.22420926159697338 | 0 | 0 | 0 | 41 | 20.552777777777777 | filter<40 >150 | 2018-01-01 00:00:00 | 2020-01-01 00:00:00 | 1051200 | 1051201 | 874264 | 815512 | 58752 | 0
Sheet1,138,temperature,,zone_39_temp | Zone temperature of exterior zone | 1 | 1 | 0.22528327122976483 | 0 | 0 | 0 | 40 | 20.55 | filter<40 >150 | 2018-01-01 00:00:00 | 2020-01-01 00:00:00 | 1051200 | 1051201 | 874264 | 814383 | 59881 | 0
Sheet1,139,temperature,,zone_40_temp | Zone temperature of exterior zone | 1 | 1 | 0.22564666510020442 | 0 | 0 | 0 | 42 | 20.54513888888889 | filter<40 >150 | 2018-01-01 00:00:00 | 2020-01-01 00:00:00 | 1051200 | 1051201 | 874264 | 814001 | 60263 | 0
Sheet1,140,temperature,,zone_41_temp | Zone temperature of exterior zone | 1 | 1 | 0.22376500783389666 | 0 | 0 | 0 | 40 | 20.54652777777778 | filter<40 >150 | 2018-01-01 00:00:00 | 2020-01-01 00:00:00 | 1051200 | 1051201 | 874264 | 815979 | 58285 | 0
Sheet1,141,temperature,,zone_42_temp | Zone temperature of exterior zone | 1 | 1 | 0.22346249670614848 | 0 | 0 | 0 | 42 | 20.54652777777778 | filter<40 >150 | 2018-01-01 00:00:00 | 2020-01-01 00:00:00 | 1051200 | 1051201 | 874264 | 816297 | 57967 | 0
Sheet1,142,temperature,,zone_43_temp | Zone temperature of exterior zone | 1 | 1 | 0.2253432026796017 | 0 | 0 | 0 | 42 | 20.54722222222222 | filter<40 >150 | 2018-01-01 00:00:00 | 2020-01-01 00:00:00 | 1051200 | 1051201 | 874264 | 814320 | 59944 | 0
Sheet1,143,temperature,,zone_44_temp | Zone temperature of exterior zone | 1 | 1 | 0.2248019170453605 | 0 | 0 | 0 | 41 | 20.54652777777778 | filter<40 >150 | 2018-01-01 00:00:00 | 2020-01-01 00:00:00 | 1051200 | 1051201 | 874264 | 814889 | 59375 | 0
Sheet1,144,temperature,,zone_45_temp | Zone temperature of exterior zone | 1 | 1 | 0.1985319648668523 | 0 | 0 | 0 | 37 | 20.54722222222222 | filter<40 >150 | 2018-01-01 00:00:00 | 2020-01-01 00:00:00 | 1051200 | 1051201 | 874264 | 842504 | 31760 | 0
Sheet1,145,temperature,,zone_46_temp | Zone temperature of exterior zone | 1 | 1 | 0.20275760772678109 | 0 | 0 | 0 | 37 | 20.54513888888889 | filter<40 >150 | 2018-01-01 00:00:00 | 2020-01-01 00:00:00 | 1051200 | 1051201 | 874264 | 838062 | 36202 | 0
Sheet1,146,temperature,,zone_47_temp | Zone temperature of exterior zone | 1 | 1 | 0.20407514833033835 | 0 | 0 | 0 | 39 | 20.54652777777778 | filter<40 >150 | 2018-01-01 00:00:00 | 2020-01-01 00:00:00 | 1051200 | 1051201 | 874264 | 836677 | 37587 | 0
Sheet1,147,temperature,,zone_48_temp | Zone temperature of exterior zone | 1 | 1 | 0.8286835724090825 | 0 | 0 | 0 | 25 | 19.75 | filter<40 >150 | 2018-01-01 00:00:00 | 2020-01-01 00:00:00 | 1051200 | 1051201 | 874264 | 180088 | 694176 | 0
Sheet1,148,temperature,,zone_49_temp | Zone temperature of exterior zone | 1 | 1 | 0.20291932751205527 | 0 | 0 | 0 | 41 | 20.54861111111111 | filter<40 >150 | 2018-01-01 00:00:00 | 2020-01-01 00:00:00 | 1051200 | 1051201 | 874264 | 837892 | 36372 | 0
Sheet1,149,temperature,,zone_51_temp | Zone temperature of exterior zone | 1 | 1 | 0.2025920827700887 | 0 | 0 | 0 | 41 | 20.54513888888889 | filter<40 >150 | 2018-01-01 00:00:00 | 2020-01-01 00:00:00 | 1051200 | 1051201 | 874264 | 838236 | 36028 | 0
Sheet1,150,temperature,,zone_52_temp | Zone temperature of exterior zone | 1 | 1 | 0.22560195433604038 | 0 | 0 | 0 | 45 | 20.552083333333332 | filter<40 >150 | 2018-01-01 00:00:00 | 2020-01-01 00:00:00 | 1051200 | 1051201 | 874264 | 814048 | 60216 | 0
Sheet1,151,temperature,,zone_53_temp | Zone temperature of exterior zone | 1 | 1 | 0.22704030913212603 | 0 | 0 | 0 | 43 | 20.55138888888889 | filter<40 >150 | 2018-01-01 00:00:00 | 2020-01-01 00:00:00 | 1051200 | 1051201 | 874264 | 812536 | 61728 | 0
Sheet1,152,temperature,,zone_54_temp | Zone temperature of exterior zone | 1 | 1 | 0.22625263864855533 | 0 | 0 | 0 | 45 | 20.545833333333334 | filter<40 >150 | 2018-01-01 00:00:00 | 2020-01-01 00:00:00 | 1051200 | 1051201 | 874264 | 813364 | 60900 | 0
Sheet1,153,temperature,,zone_55_temp | Zone temperature of exterior zone | 1 | 1 | 0.22657798080481278 | 0 | 0 | 0 | 47 | 20.549305555555556 | filter<40 >150 | 2018-01-01 00:00:00 | 2020-01-01 00:00:00 | 1051200 | 1051201 | 874264 | 813022 | 61242 | 0
Sheet1,154,temperature,,zone_56_temp | Zone temperature of exterior zone | 1 | 1 | 0.22657893209766733 | 0 | 0 | 0 | 43 | 20.54861111111111 | filter<40 >150 | 2018-01-01 00:00:00 | 2020-01-01 00:00:00 | 1051200 | 1051201 | 874264 | 813021 | 61243 | 0
Sheet1,155,temperature,,zone_57_temp | Zone temperature of exterior zone | 1 | 1 | 0.22703079620358046 | 0 | 0 | 0 | 46 | 20.55 | filter<40 >150 | 2018-01-01 00:00:00 | 2020-01-01 00:00:00 | 1051200 | 1051201 | 874264 | 812546 | 61718 | 0
Sheet1,156,temperature,,zone_58_temp | Zone temperature of exterior zone | 1 | 1 | 0.22456980158884932 | 0 | 0 | 0 | 44 | 20.55138888888889 | filter<40 >150 | 2018-01-01 00:00:00 | 2020-01-01 00:00:00 | 1051200 | 1051201 | 874264 | 815133 | 59131 | 0
Sheet1,157,temperature,,zone_59_temp | Zone temperature of exterior zone | 1 | 1 | 0.22648285151935738 | 0 | 0 | 0 | 47 | 20.552083333333332 | filter<40 >150 | 2018-01-01 00:00:00 | 2020-01-01 00:00:00 | 1051200 | 1051201 | 874264 | 813122 | 61142 | 0
Sheet1,158,temperature,,zone_61_temp | Zone temperature of exterior zone | 1 | 1 | 0.20496555844220088 | 0 | 0 | 0 | 39 | 20.54722222222222 | filter<40 >150 | 2018-01-01 00:00:00 | 2020-01-01 00:00:00 | 1051200 | 1051201 | 874264 | 835741 | 38523 | 0
Sheet1,159,temperature,,zone_62_temp | Zone temperature of exterior zone | 1 | 1 | 0.20333409119664078 | 0 | 0 | 0 | 40 | 20.54861111111111 | filter<40 >150 | 2018-01-01 00:00:00 | 2020-01-01 00:00:00 | 1051200 | 1051201 | 874264 | 837456 | 36808 | 0
Sheet1,160,temperature,,zone_63_temp | Zone temperature of exterior zone | 1 | 1 | 0.20379451693824494 | 0 | 0 | 0 | 38 | 20.545833333333334 | filter<40 >150 | 2018-01-01 00:00:00 | 2020-01-01 00:00:00 | 1051200 | 1051201 | 874264 | 836972 | 37292 | 0
Sheet1,161,temperature,,zone_64_temp | Zone temperature of exterior zone | 1 | 1 | 0.2048076438283449 | 0 | 0 | 0 | 41 | 20.54652777777778 | filter<40 >150 | 2018-01-01 00:00:00 | 2020-01-01 00:00:00 | 1051200 | 1051201 | 874264 | 835907 | 38357 | 0
Sheet1,162,temperature,,zone_65_temp | Zone temperature of exterior zone | 1 | 1 | 0.2248494816880882 | 0 | 0 | 0 | 44 | 20.54652777777778 | filter<40 >150 | 2018-01-01 00:00:00 | 2020-01-01 00:00:00 | 1051200 | 1051201 | 874264 | 814839 | 59425 | 0
Sheet1,163,temperature,,zone_66_temp | Zone temperature of exterior zone | 1 | 1 | 0.22693756950383417 | 0 | 0 | 0 | 45 | 20.54861111111111 | filter<40 >150 | 2018-01-01 00:00:00 | 2020-01-01 00:00:00 | 1051200 | 1051201 | 874264 | 812644 | 61620 | 0
Sheet1,164,temperature,,zone_67_temp | Zone temperature of exterior zone | 1 | 1 | 0.2265960553690493 | 0 | 0 | 0 | 45 | 20.54513888888889 | filter<40 >150 | 2018-01-01 00:00:00 | 2020-01-01 00:00:00 | 1051200 | 1051201 | 874264 | 813003 | 61261 | 0
Sheet1,165,temperature,,zone_68_temp | Zone temperature of exterior zone | 1 | 1 | 0.2271525616889634 | 0 | 0 | 0 | 44 | 20.54513888888889 | filter<40 >150 | 2018-01-01 00:00:00 | 2020-01-01 00:00:00 | 1051200 | 1051201 | 874264 | 812418 | 61846 | 0
Sheet1,166,temperature,,zone_69_temp | Zone temperature of exterior zone | 1 | 1 | 0.22663220449752236 | 0 | 0 | 0 | 45 | 20.547916666666666 | filter<40 >150 | 2018-01-01 00:00:00 | 2020-01-01 00:00:00 | 1051200 | 1051201 | 874264 | 812965 | 61299 | 0
Sheet1,167,temperature,,zone_70_temp | Zone temperature of exterior zone | 1 | 1 | 0.2259263451994433 | 0 | 0 | 0 | 44 | 20.54861111111111 | filter<40 >150 | 2018-01-01 00:00:00 | 2020-01-01 00:00:00 | 1051200 | 1051201 | 874264 | 813707 | 60557 | 0
Sheet1,168,temperature,,zone_71_temp | Zone temperature of exterior zone | 1 | 1 | 0.22616131453451813 | 0 | 0 | 0 | 45 | 20.54861111111111 | filter<40 >150 | 2018-01-01 00:00:00 | 2020-01-01 00:00:00 | 1051200 | 1051201 | 874264 | 813460 | 60804 | 0
Sheet1,169,temperature,zone_temp_interior.csv,"zone_temp_interior.csv
10% | cerc_templogger_1 | Zone temperature of interior zone | 1 | 10 | 0.05253508142988835 | 0 | 0 | 0 | 5 | 21.81458333333333 | Smaller than 10 hour: Linear

10 hour to 1 day: KNN

Larger than 1 day: MF | filter<40 >150 | 2018-02-22 00:30:00 | 2020-01-01 00:00:00 | 976290 | 97630 | 96969 | 92501 | 4468 | 0"
Sheet1,170,temperature,,cerc_templogger_10 | Zone temperature of interior zone | 1 | 10 | 0.08530164908327359 | 0 | 0 | 0 | 3 | 50.22222222222222 | filter<40 >150 | 2018-02-22 00:30:00 | 2020-01-01 00:00:00 | 976290 | 97630 | 96969 | 89302 | 7667 | 0
Sheet1,171,temperature,,cerc_templogger_11 | Zone temperature of interior zone | 1 | 10 | 0.011236300317525351 | 0 | 0 | 0 | 2 | 2.638888888888889 | filter<40 >150 | 2018-02-22 00:30:00 | 2020-01-01 00:00:00 | 976290 | 97630 | 96969 | 96533 | 436 | 0
Sheet1,172,temperature,,cerc_templogger_12 | Zone temperature of interior zone | 1 | 10 | 0.14520127010140327 | 0 | 0 | 0 | 12 | 58.076388888888886 | filter<40 >150 | 2018-02-22 00:30:00 | 2020-01-01 00:00:00 | 976290 | 97630 | 96969 | 83454 | 13515 | 0
Sheet1,173,temperature,,cerc_templogger_13 | Zone temperature of interior zone | 1 | 10 | 0.017556079074055105 | 0 | 0 | 0 | 3 | 4.291666666666667 | filter<40 >150 | 2018-02-22 00:30:00 | 2020-01-01 00:00:00 | 976290 | 97630 | 96969 | 95916 | 1053 | 0
Sheet1,174,temperature,,cerc_templogger_14 | Zone temperature of interior zone | 1 | 10 | 0.027573491754583634 | 0 | 0 | 0 | 5 | 10 | filter<40 >150 | 2018-02-22 00:30:00 | 2020-01-01 00:00:00 | 976290 | 97630 | 96969 | 94938 | 2031 | 0
Sheet1,175,temperature,,cerc_templogger_15 | Zone temperature of interior zone | 1 | 10 | 0.2847895114206699 | 0 | 0 | 0 | 19 | 50.05555555555555 | filter<40 >150 | 2018-02-22 00:30:00 | 2020-01-01 00:00:00 | 976290 | 97630 | 96969 | 69826 | 27143 | 0
Sheet1,176,temperature,,cerc_templogger_16 | Zone temperature of interior zone | 1 | 10 | 0.07323568575233022 | 0 | 0 | 0 | 5 | 36.93055555555556 | filter<40 >150 | 2018-02-22 00:30:00 | 2020-01-01 00:00:00 | 976290 | 97630 | 96969 | 90480 | 6489 | 0
Sheet1,177,temperature,,cerc_templogger_2 | Zone temperature of interior zone | 1 | 10 | 0.011246543070777425 | 0 | 0 | 0 | 2 | 2.638888888888889 | filter<40 >150 | 2018-02-22 00:30:00 | 2020-01-01 00:00:00 | 976290 | 97630 | 96969 | 96532 | 437 | 0
Sheet1,178,temperature,,cerc_templogger_3 | Zone temperature of interior zone | 1 | 10 | 0.02443920925944894 | 0 | 0 | 0 | 3 | 8.944444444444445 | filter<40 >150 | 2018-02-22 00:30:00 | 2020-01-01 00:00:00 | 976290 | 97630 | 96969 | 95244 | 1725 | 0
Sheet1,179,temperature,,cerc_templogger_4 | Zone temperature of interior zone | 1 | 10 | 0.011226057564273277 | 0 | 0 | 0 | 2 | 2.638888888888889 | filter<40 >150 | 2018-02-22 00:30:00 | 2020-01-01 00:00:00 | 976290 | 97630 | 96969 | 96534 | 435 | 0
Sheet1,180,temperature,,cerc_templogger_5 | Zone temperature of interior zone | 1 | 10 | 0.011246543070777425 | 0 | 0 | 0 | 2 | 2.638888888888889 | filter<40 >150 | 2018-02-22 00:30:00 | 2020-01-01 00:00:00 | 976290 | 97630 | 96969 | 96532 | 437 | 0
Sheet1,181,temperature,,cerc_templogger_6 | Zone temperature of interior zone | 1 | 10 | 0.011246543070777425 | 0 | 0 | 0 | 3 | 2.638888888888889 | filter<40 >150 | 2018-02-22 00:30:00 | 2020-01-01 00:00:00 | 976290 | 97630 | 96969 | 96532 | 437 | 0
Sheet1,182,temperature,,cerc_templogger_7 | Zone temperature of interior zone | 1 | 10 | 0.011236300317525351 | 0 | 0 | 0 | 2 | 2.638888888888889 | filter<40 >150 | 2018-02-22 00:30:00 | 2020-01-01 00:00:00 | 976290 | 97630 | 96969 | 96533 | 436 | 0
Sheet1,183,temperature,,cerc_templogger_8 | Zone temperature of interior zone | 1 | 10 | 0.011246543070777425 | 0 | 0 | 0 | 2 | 2.638888888888889 | filter<40 >150 | 2018-02-22 00:30:00 | 2020-01-01 00:00:00 | 976290 | 97630 | 96969 | 96532 | 437 | 0
Sheet1,184,temperature,,cerc_templogger_9 | Zone temperature of interior zone | 1 | 10 | 0.08170584374197354 | 0 | 0 | 0 | 3 | 2.638888888888889 | filter<40 >150 | 2018-01-01 00:00:00 | 2020-01-01 00:00:00 | 1051200 | 105121 | 874264 | 96532 | 777732 | 0
Sheet1,185,temperature,zone_temp_sp_c.csv,"zone_temp_sp_c.csv
< 6% | zone_16_cooling_sp | Cooling temperature setpoint of Zone * | 1 | 5 | 0.05718379192535175 | 0 | 0 | 0 | 2 | 19.75347222222222 | filter<40 >150 | 2018-09-15 09:59:59.995000 | 2020-01-01 00:00:00 | 680520 | 136105 | 130650 | 128322 | 2328 | 0"
Sheet1,186,temperature,,zone_17_cooling_sp | Cooling temperature setpoint of Zone * | 1 | 5 | 0.05704419382094706 | 0 | 0 | 0 | 1 | 2.826388888888889 | filter<40 >150 | 2018-09-15 09:59:59.995000 | 2020-01-01 00:00:00 | 680520 | 136105 | 130650 | 128341 | 2309 | 0
Sheet1,187,temperature,,zone_18_cooling_sp | Cooling temperature setpoint of Zone * | 1 | 5 | 0.0571323610447816 | 0 | 0 | 0 | 1 | 2.826388888888889 | filter<40 >150 | 2018-09-15 09:59:59.995000 | 2020-01-01 00:00:00 | 680520 | 136105 | 130650 | 128329 | 2321 | 0
Sheet1,188,temperature,,zone_19_cooling_sp | Cooling temperature setpoint of Zone * | 1 | 5 | 0.061305609639616475 | 0 | 0 | 0 | 3 | 19.84027777777778 | filter<40 >150 | 2018-09-15 09:59:59.995000 | 2020-01-01 00:00:00 | 680520 | 136105 | 130650 | 127761 | 2889 | 0
Sheet1,189,temperature,,zone_21_cooling_sp | Cooling temperature setpoint of Zone * | 1 | 5 | 0.05661805223908012 | 0 | 0 | 0 | 2 | 19.75347222222222 | filter<40 >150 | 2018-09-15 09:59:59.995000 | 2020-01-01 00:00:00 | 680520 | 136105 | 130650 | 128399 | 2251 | 0
Sheet1,190,temperature,,zone_23_cooling_sp | Cooling temperature setpoint of Zone * | 1 | 5 | 0.05265787443517872 | 0 | 0 | 0 | 3 | 19.756944444444446 | filter<40 >150 | 2018-09-15 09:59:59.995000 | 2020-01-01 00:00:00 | 680520 | 136105 | 130650 | 128938 | 1712 | 0
Sheet1,191,temperature,,zone_24_cooling_sp | Cooling temperature setpoint of Zone * | 1 | 5 | 0.05813158958157305 | 0 | 0 | 0 | 3 | 19.84375 | filter<40 >150 | 2018-09-15 09:59:59.995000 | 2020-01-01 00:00:00 | 680520 | 136105 | 130650 | 128193 | 2457 | 0
Sheet1,192,temperature,,zone_25_cooling_sp | Cooling temperature setpoint of Zone * | 1 | 5 | 0.05814628411887881 | 0 | 0 | 0 | 3 | 19.850694444444446 | filter<40 >150 | 2018-09-15 09:59:59.995000 | 2020-01-01 00:00:00 | 680520 | 136105 | 130650 | 128191 | 2459 | 0
Sheet1,193,temperature,,zone_26_cooling_sp | Cooling temperature setpoint of Zone * | 1 | 5 | 0.05680173395540208 | 0 | 0 | 0 | 2 | 19.864583333333332 | filter<40 >150 | 2018-09-15 09:59:59.995000 | 2020-01-01 00:00:00 | 680520 | 136105 | 130650 | 128374 | 2276 | 0
Sheet1,194,temperature,,zone_27_cooling_sp | Cooling temperature setpoint of Zone * | 1 | 5 | 0.05929245802872782 | 0 | 0 | 0 | 3 | 19.86111111111111 | filter<40 >150 | 2018-09-15 09:59:59.995000 | 2020-01-01 00:00:00 | 680520 | 136105 | 130650 | 128035 | 2615 | 0
Sheet1,195,temperature,,zone_30_cooling_sp | Cooling temperature setpoint of Zone * | 1 | 5 | 0.05816832592483744 | 0 | 0 | 0 | 2 | 3.013888888888889 | filter<40 >150 | 2018-09-15 09:59:59.995000 | 2020-01-01 00:00:00 | 680520 | 136105 | 130650 | 128188 | 2462 | 0
Sheet1,196,temperature,,zone_32_cooling_sp | Cooling temperature setpoint of Zone * | 1 | 5 | 0.059321847103339334 | 0 | 0 | 0 | 3 | 19.864583333333332 | filter<40 >150 | 2018-09-15 09:59:59.995000 | 2020-01-01 00:00:00 | 680520 | 136105 | 130650 | 128031 | 2619 | 0
Sheet1,197,temperature,,zone_35_cooling_sp | Cooling temperature setpoint of Zone * | 1 | 5 | 0.05647110686602256 | 0 | 0 | 0 | 1 | 2.5972222222222223 | filter<40 >150 | 2018-09-15 09:59:59.995000 | 2020-01-01 00:00:00 | 680520 | 136105 | 130650 | 128419 | 2231 | 0
Sheet1,198,temperature,,zone_36_cooling_sp | Cooling temperature setpoint of Zone * | 1 | 5 | 0.056647441313691635 | 0 | 0 | 0 | 2 | 19.75347222222222 | filter<40 >150 | 2018-09-15 09:59:59.995000 | 2020-01-01 00:00:00 | 680520 | 136105 | 130650 | 128395 | 2255 | 0
Sheet1,199,temperature,,zone_37_cooling_sp | Cooling temperature setpoint of Zone * | 1 | 5 | 0.05614782704529591 | 0 | 0 | 0 | 2 | 19.75347222222222 | filter<40 >150 | 2018-09-15 09:59:59.995000 | 2020-01-01 00:00:00 | 680520 | 136105 | 130650 | 128463 | 2187 | 0
Sheet1,200,temperature,,zone_38_cooling_sp | Cooling temperature setpoint of Zone * | 1 | 5 | 0.059814114103082176 | 0 | 0 | 0 | 3 | 19.864583333333332 | filter<40 >150 | 2018-09-15 09:59:59.995000 | 2020-01-01 00:00:00 | 680520 | 136105 | 130650 | 127964 | 2686 | 0
Sheet1,201,temperature,,zone_39_cooling_sp | Cooling temperature setpoint of Zone * | 1 | 5 | 0.0596377796554131 | 0 | 0 | 0 | 3 | 19.864583333333332 | filter<40 >150 | 2018-09-15 09:59:59.995000 | 2020-01-01 00:00:00 | 680520 | 136105 | 130650 | 127988 | 2662 | 0
Sheet1,202,temperature,,zone_41_cooling_sp | Cooling temperature setpoint of Zone * | 1 | 5 | 0.054479997061092536 | 0 | 0 | 0 | 1 | 19.75347222222222 | filter<40 >150 | 2018-09-15 09:59:59.995000 | 2020-01-01 00:00:00 | 680520 | 136105 | 130650 | 128690 | 1960 | 0
Sheet1,203,temperature,,zone_42_cooling_sp | Cooling temperature setpoint of Zone * | 1 | 5 | 0.05661070497042724 | 0 | 0 | 0 | 1 | 2.8333333333333335 | filter<40 >150 | 2018-09-15 09:59:59.995000 | 2020-01-01 00:00:00 | 680520 | 136105 | 130650 | 128400 | 2250 | 0
Sheet1,204,temperature,,zone_43_cooling_sp | Cooling temperature setpoint of Zone * | 1 | 5 | 0.05657396862716285 | 0 | 0 | 0 | 2 | 19.75347222222222 | filter<40 >150 | 2018-09-15 09:59:59.995000 | 2020-01-01 00:00:00 | 680520 | 136105 | 130650 | 128405 | 2245 | 0
Sheet1,205,temperature,,zone_46_cooling_sp | Cooling temperature setpoint of Zone * | 1 | 5 | 0.057470335402814 | 0 | 0 | 0 | 3 | 19.75347222222222 | filter<40 >150 | 2018-09-15 09:59:59.995000 | 2020-01-01 00:00:00 | 680520 | 136105 | 130650 | 128283 | 2367 | 0
Sheet1,206,temperature,,zone_47_cooling_sp | Cooling temperature setpoint of Zone * | 1 | 5 | 0.0574042099849381 | 0 | 0 | 0 | 2 | 2.829861111111111 | filter<40 >150 | 2018-09-15 09:59:59.995000 | 2020-01-01 00:00:00 | 680520 | 136105 | 130650 | 128292 | 2358 | 0
Sheet1,207,temperature,,zone_48_cooling_sp | Cooling temperature setpoint of Zone * | 1 | 5 | 0.05722052826861614 | 0 | 0 | 0 | 2 | 2.829861111111111 | filter<40 >150 | 2018-09-15 09:59:59.995000 | 2020-01-01 00:00:00 | 680520 | 136105 | 130650 | 128317 | 2333 | 0
Sheet1,208,temperature,,zone_49_cooling_sp | Cooling temperature setpoint of Zone * | 1 | 5 | 0.05847691120825833 | 0 | 0 | 0 | 3 | 2.996527777777778 | filter<40 >150 | 2018-09-15 09:59:59.995000 | 2020-01-01 00:00:00 | 680520 | 136105 | 130650 | 128146 | 2504 | 0
Sheet1,209,temperature,,zone_51_cooling_sp | Cooling temperature setpoint of Zone * | 1 | 5 | 0.05477388780720767 | 0 | 0 | 0 | 1 | 1.003472222222222 | filter<40 >150 | 2018-09-15 09:59:59.995000 | 2020-01-01 00:00:00 | 680520 | 136105 | 130650 | 128650 | 2000 | 0
Sheet1,210,temperature,,zone_53_cooling_sp | Cooling temperature setpoint of Zone * | 1 | 5 | 0.05971859961059476 | 0 | 0 | 0 | 3 | 19.82986111111111 | filter<40 >150 | 2018-09-15 09:59:59.995000 | 2020-01-01 00:00:00 | 680520 | 136105 | 130650 | 127977 | 2673 | 0
Sheet1,211,temperature,,zone_54_cooling_sp | Cooling temperature setpoint of Zone * | 1 | 5 | 0.05753646082068991 | 0 | 0 | 0 | 2 | 19.756944444444446 | filter<40 >150 | 2018-09-15 09:59:59.995000 | 2020-01-01 00:00:00 | 680520 | 136105 | 130650 | 128274 | 2376 | 0
Sheet1,212,temperature,,zone_55_cooling_sp | Cooling temperature setpoint of Zone * | 1 | 5 | 0.06213585099739172 | 0 | 0 | 0 | 3 | 19.78125 | filter<40 >150 | 2018-09-15 09:59:59.995000 | 2020-01-01 00:00:00 | 680520 | 136105 | 130650 | 127648 | 3002 | 0
Sheet1,213,temperature,,zone_56_cooling_sp | Cooling temperature setpoint of Zone * | 1 | 5 | 0.0612615260276992 | 0 | 0 | 0 | 3 | 19.77777777777778 | filter<40 >150 | 2018-09-15 09:59:59.995000 | 2020-01-01 00:00:00 | 680520 | 136105 | 130650 | 127767 | 2883 | 0
Sheet1,214,temperature,,zone_57_cooling_sp | Cooling temperature setpoint of Zone * | 1 | 5 | 0.0621431982660446 | 0 | 0 | 0 | 3 | 19.78125 | filter<40 >150 | 2018-09-15 09:59:59.995000 | 2020-01-01 00:00:00 | 680520 | 136105 | 130650 | 127647 | 3003 | 0
Sheet1,215,temperature,,zone_59_cooling_sp | Cooling temperature setpoint of Zone * | 1 | 5 | 0.061092538848683 | 0 | 0 | 0 | 3 | 19.791666666666668 | filter<40 >150 | 2018-09-15 09:59:59.995000 | 2020-01-01 00:00:00 | 680520 | 136105 | 130650 | 127790 | 2860 | 0
Sheet1,216,temperature,,zone_61_cooling_sp | Cooling temperature setpoint of Zone * | 1 | 5 | 0.061900738400499616 | 0 | 0 | 0 | 4 | 19.8125 | filter<40 >150 | 2018-09-15 09:59:59.995000 | 2020-01-01 00:00:00 | 680520 | 136105 | 130650 | 127680 | 2970 | 0
Sheet1,217,temperature,,zone_62_cooling_sp | Cooling temperature setpoint of Zone * | 1 | 5 | 0.9915285992432313 | 0 | 0 | 0 | 0 | 0.9965277777777778 | filter<40 >150 | 2018-09-15 09:59:59.995000 | 2020-01-01 00:00:00 | 680520 | 136105 | 130650 | 1153 | 129497 | 0
Sheet1,218,temperature,,zone_63_cooling_sp | Cooling temperature setpoint of Zone * | 1 | 5 | 0.0562874251497006 | 0 | 0 | 0 | 2 | 2.5972222222222223 | filter<40 >150 | 2018-09-15 09:59:59.995000 | 2020-01-01 00:00:00 | 680520 | 136105 | 130650 | 128444 | 2206 | 0
Sheet1,219,temperature,,zone_64_cooling_sp | Cooling temperature setpoint of Zone * | 1 | 5 | 0.057462988134161126 | 0 | 0 | 0 | 2 | 2.8194444444444446 | filter<40 >150 | 2018-09-15 09:59:59.995000 | 2020-01-01 00:00:00 | 680520 | 136105 | 130650 | 128284 | 2366 | 0
Sheet1,220,temperature,,zone_65_cooling_sp | Cooling temperature setpoint of Zone * | 1 | 5 | 0.05657396862716285 | 0 | 0 | 0 | 1 | 2.600694444444444 | filter<40 >150 | 2018-09-15 09:59:59.995000 | 2020-01-01 00:00:00 | 680520 | 136105 | 130650 | 128405 | 2245 | 0
Sheet1,221,temperature,,zone_66_cooling_sp | Cooling temperature setpoint of Zone * | 1 | 5 | 0.06145990228132692 | 0 | 0 | 0 | 3 | 19.79861111111111 | filter<40 >150 | 2018-09-15 09:59:59.995000 | 2020-01-01 00:00:00 | 680520 | 136105 | 130650 | 127740 | 2910 | 0
Sheet1,222,temperature,,zone_67_cooling_sp | Cooling temperature setpoint of Zone * | 1 | 5 | 0.06151868043054994 | 0 | 0 | 0 | 3 | 19.79861111111111 | filter<40 >150 | 2018-09-15 09:59:59.995000 | 2020-01-01 00:00:00 | 680520 | 136105 | 130650 | 127732 | 2918 | 0
Sheet1,223,temperature,,zone_69_cooling_sp | Cooling temperature setpoint of Zone * | 1 | 5 | 0.058425480327688184 | 0 | 0 | 0 | 3 | 19.805555555555554 | filter<40 >150 | 2018-09-15 09:59:59.995000 | 2020-01-01 00:00:00 | 680520 | 136105 | 130650 | 128153 | 2497 | 0
Sheet1,224,temperature,,zone_70_cooling_sp | Cooling temperature setpoint of Zone * | 1 | 5 | 0.059410014327173875 | 0 | 0 | 0 | 3 | 19.8125 | filter<40 >150 | 2018-09-15 10:00:00 | 2020-01-01 00:00:00 | 680520 | 136105 | 130650 | 128019 | 2631 | 0
Sheet1,225,temperature,zone_temp_sp_h.csv,"zone_temp_sp_h.csv
< 6% | zone_16_heating_sp | Heating temperature setpoint of Zone * | 1 | 5 | 0.0571323610447816 | 0 | 0 | 0 | 1 | 2.829861111111111 | filter<40 >150 | 2018-09-15 09:59:59.995000 | 2020-01-01 00:00:00 | 680520 | 136105 | 130626 | 128329 | 2297 | 0"
Sheet1,226,temperature,,zone_17_heating_sp | Heating temperature setpoint of Zone * | 1 | 5 | 0.05702215201498843 | 0 | 0 | 0 | 1 | 2.829861111111111 | filter<40 >150 | 2018-09-15 09:59:59.995000 | 2020-01-01 00:00:00 | 680520 | 136105 | 130626 | 128344 | 2282 | 0
Sheet1,227,temperature,,zone_18_heating_sp | Heating temperature setpoint of Zone * | 1 | 5 | 0.057117666507475844 | 0 | 0 | 0 | 1 | 2.829861111111111 | filter<40 >150 | 2018-09-15 09:59:59.995000 | 2020-01-01 00:00:00 | 680520 | 136105 | 130626 | 128331 | 2295 | 0
Sheet1,228,temperature,,zone_19_heating_sp | Heating temperature setpoint of Zone * | 1 | 5 | 0.061283567833657834 | 0 | 0 | 0 | 3 | 19.84027777777778 | filter<40 >150 | 2018-09-15 09:59:59.995000 | 2020-01-01 00:00:00 | 680520 | 136105 | 130626 | 127764 | 2862 | 0
Sheet1,229,temperature,,zone_21_heating_sp | Heating temperature setpoint of Zone * | 1 | 5 | 0.05658866316446861 | 0 | 0 | 0 | 1 | 2.5590277777777777 | filter<40 >150 | 2018-09-15 09:59:59.995000 | 2020-01-01 00:00:00 | 680520 | 136105 | 130626 | 128403 | 2223 | 0
Sheet1,230,temperature,,zone_23_heating_sp | Heating temperature setpoint of Zone * | 1 | 5 | 0.05265787443517872 | 0 | 0 | 0 | 3 | 19.756944444444446 | filter<40 >150 | 2018-09-15 09:59:59.995000 | 2020-01-01 00:00:00 | 680520 | 136105 | 130626 | 128938 | 1688 | 0
Sheet1,231,temperature,,zone_24_heating_sp | Heating temperature setpoint of Zone * | 1 | 5 | 0.058102200506961535 | 0 | 0 | 0 | 3 | 19.84375 | filter<40 >150 | 2018-09-15 09:59:59.995000 | 2020-01-01 00:00:00 | 680520 | 136105 | 130626 | 128197 | 2429 | 0
Sheet1,232,temperature,,zone_25_heating_sp | Heating temperature setpoint of Zone * | 1 | 5 | 0.05813158958157305 | 0 | 0 | 0 | 3 | 19.850694444444446 | filter<40 >150 | 2018-09-15 09:59:59.995000 | 2020-01-01 00:00:00 | 680520 | 136105 | 130626 | 128193 | 2433 | 0
Sheet1,233,temperature,,zone_26_heating_sp | Heating temperature setpoint of Zone * | 1 | 5 | 0.05675765034348481 | 0 | 0 | 0 | 2 | 19.864583333333332 | filter<40 >150 | 2018-09-15 09:59:59.995000 | 2020-01-01 00:00:00 | 680520 | 136105 | 130626 | 128380 | 2246 | 0
Sheet1,234,temperature,,zone_27_heating_sp | Heating temperature setpoint of Zone * | 1 | 5 | 0.05927776349142207 | 0 | 0 | 0 | 3 | 19.86111111111111 | filter<40 >150 | 2018-09-15 09:59:59.995000 | 2020-01-01 00:00:00 | 680520 | 136105 | 130626 | 128037 | 2589 | 0
Sheet1,235,temperature,,zone_30_heating_sp | Heating temperature setpoint of Zone * | 1 | 5 | 0.05813893685022593 | 0 | 0 | 0 | 2 | 3.017361111111111 | filter<40 >150 | 2018-09-15 09:59:59.995000 | 2020-01-01 00:00:00 | 680520 | 136105 | 130626 | 128192 | 2434 | 0
Sheet1,236,temperature,,zone_32_heating_sp | Heating temperature setpoint of Zone * | 1 | 5 | 0.06173909849013629 | 0 | 0 | 0 | 3 | 19.864583333333332 | filter<40 >150 | 2018-09-15 09:59:59.995000 | 2020-01-01 00:00:00 | 680520 | 136105 | 130626 | 127702 | 2924 | 0
Sheet1,237,temperature,,zone_35_heating_sp | Heating temperature setpoint of Zone * | 1 | 5 | 0.05644171779141104 | 0 | 0 | 0 | 1 | 2.5972222222222223 | filter<40 >150 | 2018-09-15 09:59:59.995000 | 2020-01-01 00:00:00 | 680520 | 136105 | 130626 | 128423 | 2203 | 0
Sheet1,238,temperature,,zone_36_heating_sp | Heating temperature setpoint of Zone * | 1 | 5 | 0.056596010433121485 | 0 | 0 | 0 | 1 | 2.8194444444444446 | filter<40 >150 | 2018-09-15 09:59:59.995000 | 2020-01-01 00:00:00 | 680520 | 136105 | 130626 | 128402 | 2224 | 0
Sheet1,239,temperature,,zone_37_heating_sp | Heating temperature setpoint of Zone * | 1 | 5 | 0.05650784320928695 | 0 | 0 | 0 | 1 | 2.8229166666666665 | filter<40 >150 | 2018-09-15 09:59:59.995000 | 2020-01-01 00:00:00 | 680520 | 136105 | 130626 | 128414 | 2212 | 0
Sheet1,240,temperature,,zone_38_heating_sp | Heating temperature setpoint of Zone * | 1 | 5 | 0.05975533595385915 | 0 | 0 | 0 | 3 | 19.864583333333332 | filter<40 >150 | 2018-09-15 09:59:59.995000 | 2020-01-01 00:00:00 | 680520 | 136105 | 130626 | 127972 | 2654 | 0
Sheet1,241,temperature,,zone_39_heating_sp | Heating temperature setpoint of Zone * | 1 | 5 | 0.05952022335696705 | 0 | 0 | 0 | 3 | 19.864583333333332 | filter<40 >150 | 2018-09-15 09:59:59.995000 | 2020-01-01 00:00:00 | 680520 | 136105 | 130626 | 128004 | 2622 | 0
Sheet1,242,temperature,,zone_41_heating_sp | Heating temperature setpoint of Zone * | 1 | 5 | 0.054443260717828144 | 0 | 0 | 0 | 1 | 19.75347222222222 | filter<40 >150 | 2018-09-15 09:59:59.995000 | 2020-01-01 00:00:00 | 680520 | 136105 | 130626 | 128695 | 1931 | 0
Sheet1,243,temperature,,zone_42_heating_sp | Heating temperature setpoint of Zone * | 1 | 5 | 0.05658866316446861 | 0 | 0 | 0 | 1 | 2.8333333333333335 | filter<40 >150 | 2018-09-15 09:59:59.995000 | 2020-01-01 00:00:00 | 680520 | 136105 | 130626 | 128403 | 2223 | 0
Sheet1,244,temperature,,zone_43_heating_sp | Heating temperature setpoint of Zone * | 1 | 5 | 0.05655192682120422 | 0 | 0 | 0 | 1 | 2.8333333333333335 | filter<40 >150 | 2018-09-15 09:59:59.995000 | 2020-01-01 00:00:00 | 680520 | 136105 | 130626 | 128408 | 2218 | 0
Sheet1,245,temperature,,zone_46_heating_sp | Heating temperature setpoint of Zone * | 1 | 5 | 0.057492377208772635 | 0 | 0 | 0 | 2 | 19.75347222222222 | filter<40 >150 | 2018-09-15 09:59:59.995000 | 2020-01-01 00:00:00 | 680520 | 136105 | 130626 | 128280 | 2346 | 0
Sheet1,246,temperature,,zone_47_heating_sp | Heating temperature setpoint of Zone * | 1 | 5 | 0.0573013482237978 | 0 | 0 | 0 | 1 | 2.829861111111111 | filter<40 >150 | 2018-09-15 09:59:59.995000 | 2020-01-01 00:00:00 | 680520 | 136105 | 130626 | 128306 | 2320 | 0
Sheet1,247,temperature,,zone_48_heating_sp | Heating temperature setpoint of Zone * | 1 | 5 | 0.057205833731310385 | 0 | 0 | 0 | 1 | 2.829861111111111 | filter<40 >150 | 2018-09-15 09:59:59.995000 | 2020-01-01 00:00:00 | 680520 | 136105 | 130626 | 128319 | 2307 | 0
Sheet1,248,temperature,,zone_49_heating_sp | Heating temperature setpoint of Zone * | 1 | 5 | 0.05847691120825833 | 0 | 0 | 0 | 3 | 2.996527777777778 | filter<40 >150 | 2018-09-15 09:59:59.995000 | 2020-01-01 00:00:00 | 680520 | 136105 | 130626 | 128146 | 2480 | 0
Sheet1,249,temperature,,zone_51_heating_sp | Heating temperature setpoint of Zone * | 1 | 5 | 0.054854707762389335 | 0 | 0 | 0 | 1 | 19.75347222222222 | filter<40 >150 | 2018-09-15 09:59:59.995000 | 2020-01-01 00:00:00 | 680520 | 136105 | 130626 | 128639 | 1987 | 0
Sheet1,250,temperature,,zone_53_heating_sp | Heating temperature setpoint of Zone * | 1 | 5 | 0.05977003049116491 | 0 | 0 | 0 | 3 | 19.833333333333332 | filter<40 >150 | 2018-09-15 09:59:59.995000 | 2020-01-01 00:00:00 | 680520 | 136105 | 130626 | 127970 | 2656 | 0
Sheet1,251,temperature,,zone_54_heating_sp | Heating temperature setpoint of Zone * | 1 | 5 | 0.05794056059659822 | 0 | 0 | 0 | 2 | 19.756944444444446 | filter<40 >150 | 2018-09-15 09:59:59.995000 | 2020-01-01 00:00:00 | 680520 | 136105 | 130626 | 128219 | 2407 | 0
Sheet1,252,temperature,,zone_55_heating_sp | Heating temperature setpoint of Zone * | 1 | 5 | 0.062062378310862934 | 0 | 0 | 0 | 3 | 19.78472222222222 | filter<40 >150 | 2018-09-15 09:59:59.995000 | 2020-01-01 00:00:00 | 680520 | 136105 | 130626 | 127658 | 2968 | 0
Sheet1,253,temperature,,zone_56_heating_sp | Heating temperature setpoint of Zone * | 1 | 5 | 0.06204768377355718 | 0 | 0 | 0 | 3 | 19.78125 | filter<40 >150 | 2018-09-15 09:59:59.995000 | 2020-01-01 00:00:00 | 680520 | 136105 | 130626 | 127660 | 2966 | 0
Sheet1,254,temperature,,zone_57_heating_sp | Heating temperature setpoint of Zone * | 1 | 5 | 0.062062378310862934 | 0 | 0 | 0 | 3 | 19.78125 | filter<40 >150 | 2018-09-15 09:59:59.995000 | 2020-01-01 00:00:00 | 680520 | 136105 | 130626 | 127658 | 2968 | 0
Sheet1,255,temperature,,zone_59_heating_sp | Heating temperature setpoint of Zone * | 1 | 5 | 0.06107784431137724 | 0 | 0 | 0 | 3 | 19.791666666666668 | filter<40 >150 | 2018-09-15 09:59:59.995000 | 2020-01-01 00:00:00 | 680520 | 136105 | 130626 | 127792 | 2834 | 0
Sheet1,256,temperature,,zone_61_heating_sp | Heating temperature setpoint of Zone * | 1 | 5 | 0.06201094743029279 | 0 | 0 | 0 | 4 | 19.81597222222222 | filter<40 >150 | 2018-09-15 09:59:59.995000 | 2020-01-01 00:00:00 | 680520 | 136105 | 130626 | 127665 | 2961 | 0
Sheet1,257,temperature,,zone_62_heating_sp | Heating temperature setpoint of Zone * | 1 | 5 | 0.9915359465118843 | 0 | 0 | 0 | 0 | 0.9895833333333334 | filter<40 >150 | 2018-09-15 09:59:59.995000 | 2020-01-01 00:00:00 | 680520 | 136105 | 130626 | 1152 | 129474 | 0
Sheet1,258,temperature,,zone_63_heating_sp | Heating temperature setpoint of Zone * | 1 | 5 | 0.05643437052275817 | 0 | 0 | 0 | 1 | 2.5972222222222223 | filter<40 >150 | 2018-09-15 09:59:59.995000 | 2020-01-01 00:00:00 | 680520 | 136105 | 130626 | 128424 | 2202 | 0
Sheet1,259,temperature,,zone_64_heating_sp | Heating temperature setpoint of Zone * | 1 | 5 | 0.05744094632820249 | 0 | 0 | 0 | 1 | 2.8194444444444446 | filter<40 >150 | 2018-09-15 09:59:59.995000 | 2020-01-01 00:00:00 | 680520 | 136105 | 130626 | 128287 | 2339 | 0
Sheet1,260,temperature,,zone_65_heating_sp | Heating temperature setpoint of Zone * | 1 | 5 | 0.05653723228389846 | 0 | 0 | 0 | 1 | 2.600694444444444 | filter<40 >150 | 2018-09-15 09:59:59.995000 | 2020-01-01 00:00:00 | 680520 | 136105 | 130626 | 128410 | 2216 | 0
Sheet1,261,temperature,,zone_66_heating_sp | Heating temperature setpoint of Zone * | 1 | 5 | 0.0614305132067154 | 0 | 0 | 0 | 3 | 19.802083333333332 | filter<40 >150 | 2018-09-15 09:59:59.995000 | 2020-01-01 00:00:00 | 680520 | 136105 | 130626 | 127744 | 2882 | 0
Sheet1,262,temperature,,zone_67_heating_sp | Heating temperature setpoint of Zone * | 1 | 5 | 0.06148194408728555 | 0 | 0 | 0 | 3 | 19.79861111111111 | filter<40 >150 | 2018-09-15 09:59:59.995000 | 2020-01-01 00:00:00 | 680520 | 136105 | 130626 | 127737 | 2889 | 0
Sheet1,263,temperature,,zone_69_heating_sp | Heating temperature setpoint of Zone * | 1 | 5 | 0.05839609125307667 | 0 | 0 | 0 | 3 | 19.805555555555554 | filter<40 >150 | 2018-09-15 09:59:59.995000 | 2020-01-01 00:00:00 | 680520 | 136105 | 130626 | 128157 | 2469 | 0
Sheet1,264,temperature,,zone_70_heating_sp | Heating temperature setpoint of Zone * | 1 | 5 | 0.06151133316189707 | 0 | 0 | 0 | 3 | 19.788194444444446 | filter<40 >150 | 2018-09-15 10:00:00 | 2020-01-01 00:00:00 | 680520 | 136105 | 130626 | 127733 | 2893 | 0
Sheet1,265,occupant,occ.csv,"Occupant counts | occ.csv
< 1% | occ_third_south | Occupant counts in the south half of third floor | 1 | 1 | 0.00036093520077336045 | 0 | 0 | 0 | 0 | 0.042361111111111106 | Smaller than 10 hour: Linear

10 hour to 1 day: KNN

Larger than 1 day: MF | filter <0 | 2018-05-22 07:00:00 | 2019-02-21 10:12:00 | 396192 | 396193 | 396050 | 396050 | 0 | 0"
Sheet1,266,occupant,,occ_fourth_south | Occupant counts in the south half of third floor | 1 | 1 | 0.00036093520077336045 | 0 | 0 | 0 | 0 | 0.042361111111111106 | filter <0 | 2018-05-22 07:00:00 | 2019-02-21 10:12:00 | 396192 | 396193 | 396050 | 396050 | 0 | 0
Sheet1,267,co2,zone_co2.csv,"CO2 concentration | zone_co2.csv
< 1% | zone_22x_co2 | CO2 concentration of each zone | 1 | 1 | 0.10960377329502681 | 0 | 0 | 0 | 2 | 4.420833333333333 | filter <0 | 2019-08-19 01:33:00 | 2020-01-01 15:59:00 | 195266 | 195267 | 195266 | 173865 | 21401 | 0"
Sheet1,268,co2,,zone_28x_co2 | CO2 concentration of each zone | 1 | 1 | 6.145431639754797e-05 | 0 | 0 | 0 | 0 | 0.001388888888888889 | filter <0 | 2019-08-19 01:33:00 | 2020-01-01 15:59:00 | 195266 | 195267 | 195266 | 195255 | 11 | 0
Sheet1,269,co2,,zone_22y_co2 | CO2 concentration of each zone | 1 | 1 | 0.10960377329502681 | 0 | 0 | 0 | 2 | 4.420833333333333 | filter <0 | 2019-08-19 01:33:00 | 2020-01-01 15:59:00 | 195266 | 195267 | 195266 | 173865 | 21401 | 0
Sheet1,270,co2,,zone_28y_co2 | CO2 concentration of each zone | 1 | 1 | 6.145431639754797e-05 | 0 | 0 | 0 | 0 | 0.001388888888888889 | filter <0 | 2019-08-19 01:33:00 | 2020-01-01 15:59:00 | 195266 | 195267 | 195266 | 195255 | 11 | 0
Sheet1,271,co2,,zone_33_co2 | CO2 concentration of each zone | 1 | 1 | 6.145431639754797e-05 | 0 | 0 | 0 | 0 | 0.004166666666666667 | filter <0 | 2019-08-19 01:33:00 | 2020-01-01 15:59:00 | 195266 | 195267 | 195266 | 195255 | 11 | 0
Sheet1,272,co2,,zone_40_co2 | CO2 concentration of each zone | 1 | 1 | 3.0727158198773985e-05 | 0 | 0 | 0 | 0 | 0.001388888888888889 | filter <0 | 2019-08-19 01:33:00 | 2020-01-01 15:59:00 | 195266 | 195267 | 195266 | 195261 | 5 | 0
Sheet1,273,co2,,zone_44_co2 | CO2 concentration of each zone | 1 | 1 | 4.609073729816098e-05 | 0 | 0 | 0 | 0 | 0.001388888888888889 | filter <0 | 2019-08-19 01:33:00 | 2020-01-01 15:59:00 | 195266 | 195267 | 195266 | 195258 | 8 | 0
Sheet1,274,co2,,zone_45_co2 | CO2 concentration of each zone | 1 | 1 | 4.609073729816098e-05 | 0 | 0 | 0 | 0 | 0.001388888888888889 | filter <0 | 2019-08-19 01:33:00 | 2020-01-01 15:59:00 | 195266 | 195267 | 195266 | 195258 | 8 | 0
Sheet1,275,co2,,zone_52_co2 | CO2 concentration of each zone | 1 | 1 | 4.609073729816098e-05 | 0 | 0 | 0 | 0 | 0.001388888888888889 | filter <0 | 2019-08-19 01:33:00 | 2020-01-01 15:59:00 | 195266 | 195267 | 195266 | 195258 | 8 | 0
Sheet1,276,co2,,zone_58_co2 | CO2 concentration of each zone | 1 | 1 | 4.096954426503198e-05 | 0 | 0 | 0 | 0 | 0.001388888888888889 | filter <0 | 2019-08-19 01:33:00 | 2020-01-01 15:59:00 | 195266 | 195267 | 195266 | 195259 | 7 | 0
Sheet1,277,co2,,zone_62_co2 | CO2 concentration of each zone | 1 | 1 | 5.633312336441897e-05 | 0 | 0 | 0 | 0 | 0.001388888888888889 | filter <0 | 2019-08-19 01:33:00 | 2020-01-01 15:59:00 | 195266 | 195267 | 195266 | 195256 | 10 | 0
Sheet1,278,co2,,zone_68_co2 | CO2 concentration of each zone | 1 | 1 | 6.145431639754797e-05 | 0 | 0 | 0 | 0 | 0.001388888888888889 | filter <0 | 2019-08-19 01:33:00 | 2020-01-01 15:59:00 | 195266 | 195267 | 195266 | 195255 | 11 | 0
Sheet1,279,co2,,zone_72_co2 | CO2 concentration of each zone | 1 | 1 | 0.00014339340492761194 | 0 | 0 | 0 | 0 | 0.003472222222222222 | filter <0 | 2019-08-19 01:33:00 | 2020-01-01 15:59:00 | 195266 | 195267 | 195266 | 195239 | 27 | 0
Sheet1,280,wifi,wifi.csv,"wifi | wifi.csv
0% | wifi_third_south | 1 | 10 | 0 | 0 | 0 | 0 | 0 | 0 | / | filter <0 | 2018-05-21 00:00:00 | 2018-07-10 23:49:59.995000 | 73430 | 7344 | 7344 | 7344 | 0 | 0"
Sheet1,281,wifi,,wifi_fourth_south | 1 | 10 | 0 | 0 | 0 | 0 | 0 | 0 | filter <0 | 2018-05-22 00:00:00 | 2018-07-11 23:50:00 | 73430 | 7344 | 7344 | 7344 | 0 | 0
